{
  "project_info": {
    "project_number": "391866916133",
    "firebase_url": "https://friendlychatapp-577fc.firebaseio.com",
    "project_id": "friendlychatapp-577fc",
    "storage_bucket": "friendlychatapp-577fc.appspot.com"
  },
  "client": [
    {
      "client_info": {
        "mobilesdk_app_id": "1:391866916133:android:4c1afc92adf182d1d50ecc",
        "android_client_info": {
          "package_name": "com.google.firebase.codelab.friendlychat"
        }
      },
      "oauth_client": [
        {
          "client_id": "391866916133-cvl067p2kuihngidktjvobuiamdaovge.apps.googleusercontent.com",
          "client_type": 3
        }
      ],
      "api_key": [
        {
          "current_key": "AIzaSyA-FDmYQota2YNhrmSD1lGu208tbrn_IrE"
        }
      ],
      "services": {
        "appinvite_service": {
          "other_platform_oauth_client": [
            {
              "client_id": "391866916133-cvl067p2kuihngidktjvobuiamdaovge.apps.googleusercontent.com",
              "client_type": 3
            }
          ]
        }
      }
    }
  ],
  "configuration_version": "1"
}